id,title,genre,original_language,overview,popularity,release_date,vote_average,vote_count
278,The Shawshank Redemption,"Drama,Crime",en,"Framed in the 1940s for the double murder of his wife and her lover, upstanding banker Andy Dufresne begins a new life at the Shawshank prison, where he puts his accounting skills to work for an amoral warden. During his long stretch in prison, Dufresne comes to be admired by the other inmates -- including an older prisoner named Red -- for his integrity and unquenchable sense of hope.",94.075,1994-09-23,8.7,21862
19404,Dilwale Dulhania Le Jayenge,"Comedy,Drama,Romance",hi,"Raj is a rich, carefree, happy-go-lucky second generation NRI. Simran is the daughter of Chaudhary Baldev Singh, who in spite of being an NRI is very strict about adherence to Indian values. Simran has left for India to be married to her childhood fiancé. Raj leaves for India with a mission at his hands, to claim his lady love under the noses of her whole family. Thus begins a saga.",25.408,1995-10-19,8.7,3731
238,The Godfather,"Drama,Crime",en,"Spanning the years 1945 to 1955, a chronicle of the fictional Italian-American Corleone crime family. When organized crime family patriarch, Vito Corleone barely survives an attempt on his life, his youngest son, Michael steps in to take care of the would-be killers, launching a campaign of bloody revenge.",90.585,1972-03-14,8.7,16280
424,Schindler's List,"Drama,History,War",en,The true story of how businessman Oskar Schindler saved over a thousand Jewish lives from the Nazis while they worked as slaves in his factory during World War II.,44.761,1993-12-15,8.6,12959
240,The Godfather: Part II,"Drama,Crime",en,"In the continuing saga of the Corleone crime family, a young Vito Corleone grows up in Sicily and in 1910s New York. In the 1950s, Michael Corleone attempts to expand the family business into Las Vegas, Hollywood and Cuba.",57.749,1974-12-20,8.6,9811
667257,Impossible Things,"Family,Drama",es,"Matilde is a woman who, after the death of her husband - a man who constantly abused her - finds her new best friend in Miguel, her young, insecure, disoriented and even dealer neighbor",14.358,2021-06-17,8.6,255
129,Spirited Away,"Animation,Family,Fantasy",ja,"A young girl, Chihiro, becomes trapped in a strange new world of spirits. When her parents undergo a mysterious transformation, she must call upon the courage she never knew she had to free her family.",92.056,2001-07-20,8.5,13093
730154,Your Eyes Tell,"Romance,Drama",ja,"A tragic accident lead to Kaori's blindness, but she clings to life and the smaller pleasures it can still afford her. She meets Rui and begins to talk to him. Rui was once a promising kickboxer, but something happened in his past. Kaori's smile brings out a change in Rui. However, the two are connected in more than one way. Rui attempts to do what is right.",51.345,2020-10-23,8.5,339
372754,Dou kyu sei – Classmates,"Romance,Animation",ja,"Rihito Sajo, an honor student with a perfect score on the entrance exam and Hikaru Kusakabe, in a band and popular among girls, would have never crossed paths. Until one day they started talking at the practice for their school’s upcoming chorus festival. After school, the two meet regularly, as Hikaru helps Rihito to improve his singing skills. While they listen to each other’s voice and harmonize, their hearts start to beat together.",14.285,2016-02-20,8.5,239
372058,Your Name.,"Romance,Animation,Drama",ja,"High schoolers Mitsuha and Taki are complete strangers living separate lives. But one night, they suddenly switch places. Mitsuha wakes up in Taki’s body, and he in hers. This bizarre occurrence continues to happen randomly, and the two must adjust their lives around each other.",158.27,2016-08-26,8.5,8895
389,12 Angry Men,Drama,en,"The defense and the prosecution have rested and the jury is filing into the jury room to decide if a young Spanish-American is guilty or innocent of murdering his father. What begins as an open and shut case soon becomes a mini-drama of each of the jurors' prejudices and preconceptions about the trial, the accused, and each other.",31.946,1957-04-10,8.5,6533
696374,Gabriel's Inferno,Romance,en,"An intriguing and sinful exploration of seduction, forbidden love, and redemption, Gabriel's Inferno is a captivating and wildly passionate tale of one man's escape from his own personal hell as he tries to earn the impossible--forgiveness and love.",12.674,2020-05-29,8.5,2262
496243,Parasite,"Comedy,Thriller,Drama",ko,"All unemployed, Ki-taek's family takes peculiar interest in the wealthy and glamorous Parks for their livelihood until they get entangled in an unexpected incident.",65.147,2019-05-30,8.5,14036
497,The Green Mile,"Fantasy,Drama,Crime",en,"A supernatural tale set on death row in a Southern prison, where gentle giant John Coffey possesses the mysterious power to heal people's ailments. When the cell block's head guard, Paul Edgecomb, recognizes Coffey's miraculous gift, he tries desperately to help stave off the condemned man's execution.",69.118,1999-12-10,8.5,14162
724089,Gabriel's Inferno: Part II,Romance,en,"Professor Gabriel Emerson finally learns the truth about Julia Mitchell's identity, but his realization comes a moment too late. Julia is done waiting for the well-respected Dante specialist to remember her and wants nothing more to do with him. Can Gabriel win back her heart before she finds love in another's arms?",14.924,2020-07-31,8.5,1420
155,The Dark Knight,"Drama,Action,Crime,Thriller",en,"Batman raises the stakes in his war on crime. With the help of Lt. Jim Gordon and District Attorney Harvey Dent, Batman sets out to dismantle the remaining criminal organizations that plague the streets. The partnership proves to be effective, but they soon find themselves prey to a reign of chaos unleashed by a rising criminal mastermind known to the terrified citizens of Gotham as the Joker.",82.23,2008-07-14,8.5,27925
429,"The Good, the Bad and the Ugly",Western,it,"While the Civil War rages between the Union and the Confederacy, three men – a quiet loner, a ruthless hit man and a Mexican bandit – comb the American Southwest in search of a strongbox containing $200,000 in stolen gold.",47.73,1966-12-23,8.5,6747
680,Pulp Fiction,"Thriller,Crime",en,"A burger-loving hit man, his philosophical partner, a drug-addled gangster's moll and a washed-up boxer converge in this sprawling, comedic crime caper. Their adventures unfurl in three stories that ingeniously trip back and forth in time.",67.224,1994-09-10,8.5,23481
122,The Lord of the Rings: The Return of the King,"Adventure,Fantasy,Action",en,"Aragorn is revealed as the heir to the ancient kings as he, Gandalf and the other members of the broken fellowship struggle to save Gondor from Sauron's forces. Meanwhile, Frodo and Sam take the ring closer to the heart of Mordor, the dark lord's realm.",134.707,2003-12-01,8.5,19844
761053,Gabriel's Inferno: Part III,"Romance,Comedy",en,The final part of the film adaption of the erotic romance novel Gabriel's Inferno written by an anonymous Canadian author under the pen name Sylvain Reynard.,47.608,2020-11-19,8.5,977
13,Forrest Gump,"Comedy,Drama,Romance",en,"A man with a low IQ has accomplished great things in his life and been present during significant historic events—in each case, far exceeding what anyone imagined he could do. But despite all he has achieved, his one true love eludes him.",65.175,1994-06-23,8.5,23009
11216,Cinema Paradiso,"Drama,Romance",it,"A filmmaker recalls his childhood, when he fell in love with the movies at his village's theater and formed a deep friendship with the theater's projectionist.",18.677,1988-11-17,8.5,3394
346,Seven Samurai,"Action,Drama",ja,"A samurai answers a village's request for protection after he falls on hard times. The town needs protection from bandits, so the samurai gathers six others to help him teach the people how to defend themselves, and the villagers provide the soldiers with food.",27.849,1954-04-26,8.5,2725
769,GoodFellas,"Drama,Crime",en,"The true story of Henry Hill, a half-Irish, half-Sicilian Brooklyn kid who is adopted by neighbourhood gangsters at an early age and climbs the ranks of a Mafia family under the guidance of Jimmy Conway.",50.387,1990-09-12,8.5,10294
533514,Violet Evergarden: The Movie,"Animation,Fantasy,Romance,Drama",ja,"As the world moves on from the war and technological advances bring changes to her life, Violet still hopes to see her lost commanding officer again.",23.933,2020-09-18,8.5,251
637,Life Is Beautiful,"Comedy,Drama",it,A touching story of an Italian book seller of Jewish ancestry who lives in his own little fairy tale. His creative and happy life would come to an abrupt halt when his entire family is deported to a concentration camp during World War II. While locked up he tries to convince his son that the whole thing is just a game.,55.527,1997-12-20,8.5,11179
311,Once Upon a Time in America,"Drama,Crime",en,"A former Prohibition-era Jewish gangster returns to the Lower East Side of Manhattan over thirty years later, where he once again must confront the ghosts and regrets of his old life.",25.789,1984-05-23,8.5,4241
14537,Harakiri,"Action,Drama,History",ja,"Down-on-his-luck veteran Tsugumo Hanshirō enters the courtyard of the prosperous House of Iyi. Unemployed, and with no family, he hopes to find a place to commit seppuku—and a worthy second to deliver the coup de grâce in his suicide ritual. The senior counselor for the Iyi clan questions the ronin’s resolve and integrity, suspecting Hanshirō of seeking charity rather than an honorable end. What follows is a pair of interlocking stories which lay bare the difference between honor and respect, and promises to examine the legendary foundations of the Samurai code.",14.472,1962-09-15,8.4,651
539,Psycho,"Horror,Drama,Thriller",en,"When larcenous real estate clerk Marion Crane goes on the lam with a wad of cash and hopes of starting a new life, she ends up at the notorious Bates Motel, where manager Norman Bates cares for his housebound mother.",41.575,1960-06-22,8.4,8288
652837,"Josee, the Tiger and the Fish","Animation,Drama,Romance",ja,"With dreams of diving abroad, Tsuneo gets a job assisting Josee, an artist whose imagination takes her far beyond her wheelchair. But when the tide turns against them, they push each other to places they never thought possible, and inspire a love fit for a storybook.",178.195,2020-12-25,8.4,246
40096,A Dog's Will,"Comedy,Drama,Fantasy",pt,"The lively Jack the Cricket and the sly Chicó are poor guys living in the hinterland who cheat a bunch of people in a small in Northeastern Brazil. When they die, they have to be judged by Christ, the Devil and the Virgin Mary before they are admitted to paradise.",9.741,2000-09-15,8.4,902
12477,Grave of the Fireflies,"Animation,Drama,War",ja,"In the final months of World War II, 14-year-old Seita and his sister Setsuko are orphaned when their mother is killed during an air raid in Kobe, Japan. After a falling out with their aunt, they move into an abandoned bomb shelter. With no surviving relatives and their emergency rations depleted, Seita and Setsuko struggle to survive.",0.6,1988-04-16,8.4,4217
510,One Flew Over the Cuckoo's Nest,Drama,en,"A petty criminal fakes insanity to serve his sentence in a mental ward rather than prison. He soon finds himself as a leader to the other patients—and an enemy to the cruel, domineering nurse who runs the ward.",27.541,1975-05-18,8.4,8703
550,Fight Club,Drama,en,"A ticking-time-bomb insomniac and a slippery soap salesman channel primal male aggression into a shocking new form of therapy. Their concept catches on, with underground ""fight clubs"" forming in every town, until an eccentric gets in the way and ignites an out-of-control spiral toward oblivion.",58.676,1999-10-15,8.4,24441
283566,Evangelion: 3.0+1.0 Thrice Upon a Time,"Animation,Action,Science Fiction,Drama",ja,"In the aftermath of the Fourth Impact, stranded without their Evangelions, Shinji, Asuka, and Rei find refuge in one of the rare pockets of humanity that still exist on the ruined planet Earth. There, each of them live a life far different from their days as an Evangelion pilot. However, the danger to the world is far from over. A new impact is looming on the horizon—one that will prove to be the true end of Evangelion.",108.156,2021-03-08,8.4,528
324857,Spider-Man: Into the Spider-Verse,"Action,Adventure,Animation,Science Fiction",en,"Miles Morales is juggling his life between being a high school student and being a spider-man. When Wilson ""Kingpin"" Fisk uses a super collider, others from across the Spider-Verse are transported to this dimension.",118.785,2018-12-06,8.4,11529
598,City of God,"Drama,Crime",pt,"Buscapé was raised in a very violent environment. Despite the feeling that all odds were against him, he finds out that life can be seen with other eyes...",35.565,2002-02-05,8.4,5886
255709,Hope,Drama,ko,"After 8-year-old So-won narrowly survives a brutal sexual assault, her family labors to help her heal while coping with their own rage and grief.",17.189,2013-10-02,8.4,398
378064,A Silent Voice: The Movie,"Animation,Drama,Romance",ja,"Shouya Ishida starts bullying the new girl in class, Shouko Nishimiya, because she is deaf. But as the teasing continues, the rest of the class starts to turn on Shouya for his lack of compassion. When they leave elementary school, Shouko and Shouya do not speak to each other again... until an older, wiser Shouya, tormented by his past behaviour, decides he must see Shouko once more. He wants to atone for his sins, but is it already too late...?",170.606,2016-09-17,8.4,3029
92321,Hotarubi no Mori e,"Romance,Animation,Fantasy",ja,"One hot summer day a little girl gets lost in an enchanted forest of the mountain god where spirits reside. A young boy appears before her, but she cannot touch him for fear of making him disappear. And so a wondrous adventure awaits...",0.6,2011-09-17,8.4,810
4935,Howl's Moving Castle,"Fantasy,Animation,Adventure",ja,"When Sophie, a shy young woman, is cursed with an old body by a spiteful witch, her only chance of breaking the spell lies with a self-indulgent yet insecure young wizard and his companions in his legged, walking castle.",75.091,2004-11-19,8.4,7452
18491,Neon Genesis Evangelion: The End of Evangelion,"Drama,Animation,Science Fiction,Action",ja,"The second of two theatrically released follow-ups to the Neon Genesis Evangelion series. Comprising of two alternate episodes which were first intended to take the place of episodes 25 and 26, this finale answers many of the questions surrounding the series, while also opening up some new possibilities.",32.759,1997-07-19,8.4,1102
1891,The Empire Strikes Back,"Adventure,Action,Science Fiction",en,"The epic saga continues as Luke Skywalker, in hopes of defeating the evil Galactic Empire, learns the ways of the Jedi from aging master Yoda. But Darth Vader is more determined than ever to capture Luke. Meanwhile, rebel leader Princess Leia, cocky Han Solo, Chewbacca, and droids C-3PO and R2-D2 are thrown into various stages of capture, betrayal and despair.",28.323,1980-05-20,8.4,14384
599,Sunset Boulevard,Drama,en,A hack screenwriter writes a screenplay for a former silent film star who has faded into Hollywood obscurity.,17.814,1950-08-10,8.4,1982
441130,Wolfwalkers,"Animation,Family,Adventure,Fantasy",en,"In a time of superstition and magic, when wolves are seen as demonic and nature an evil to be tamed, a young apprentice hunter comes to Ireland with her father to wipe out the last pack. But when she saves a wild native girl, their friendship leads her to discover the world of the Wolfwalkers and transform her into the very thing her father is tasked to destroy.",17.052,2020-10-26,8.4,800
120,The Lord of the Rings: The Fellowship of the Ring,"Adventure,Fantasy,Action",en,"Young hobbit Frodo Baggins, after inheriting a mysterious ring from his uncle Bilbo, must leave his home in order to keep it from falling into the hands of its evil creator. Along the way, a fellowship is formed to protect the ringbearer and make sure that the ring arrives at its final destination: Mt. Doom, the only place where it can be destroyed.",168.448,2001-12-18,8.4,21207
3782,Ikiru,Drama,ja,"Kanji Watanabe is a middle-aged man who has worked in the same monotonous bureaucratic position for decades. Learning he has cancer, he starts to look for the meaning of his life.",9.854,1952-10-09,8.4,809
704264,Primal: Tales of Savagery,"Action,Adventure,Animation",en,"Genndy Tartakovsky's Primal: Tales of Savagery features a caveman and a dinosaur on the brink of extinction. Bonded by tragedy, this unlikely friendship becomes the only hope of survival.",62.485,2019-11-21,8.4,227
423,The Pianist,"Drama,War",en,"The true story of pianist Władysław Szpilman's experiences in Warsaw during the Nazi occupation. When the Jews of the city find themselves forced into a ghetto, Szpilman finds work playing in a café; and when his family is deported in 1942, he stays behind, works for a while as a laborer, and eventually goes into hiding in the ruins of the war-torn city.",40.571,2002-09-17,8.4,7374
157336,Interstellar,"Adventure,Drama,Science Fiction",en,The adventures of a group of explorers who make use of a newly discovered wormhole to surpass the limitations on human space travel and conquer the vast distances involved in an interstellar voyage.,191.22,2014-11-05,8.4,28920
244786,Whiplash,"Drama,Music",en,"Under the direction of a ruthless instructor, a talented young drummer begins to pursue perfection at any cost, even his humanity.",57.858,2014-10-10,8.4,12371
121,The Lord of the Rings: The Two Towers,"Adventure,Fantasy,Action",en,"Frodo and Sam are trekking to Mordor to destroy the One Ring of Power while Gimli, Legolas and Aragorn search for the orc-captured Merry and Pippin. All along, nefarious wizard Saruman awaits the Fellowship members at the Orthanc Tower in Isengard.",162.716,2002-12-18,8.4,18370
73,American History X,Drama,en,"Derek Vineyard is paroled after serving 3 years in prison for killing two African-American men. Through his brother, Danny Vineyard's narration, we learn that before going to prison, Derek was a skinhead and the leader of a violent white supremacist gang that committed acts of racial crime throughout L.A. and his actions greatly influenced Danny. Reformed and fresh out of prison, Derek severs contact with the gang and becomes determined to keep Danny from going down the same violent path as he did.",32.756,1998-07-01,8.4,9700
567,Rear Window,"Thriller,Mystery",en,A wheelchair-bound photographer spies on his neighbors from his apartment window and becomes convinced one of them has committed murder.,19.511,1954-08-01,8.4,5230
27205,Inception,"Action,Science Fiction,Adventure",en,"Cobb, a skilled thief who commits corporate espionage by infiltrating the subconscious of his targets is offered a chance to regain his old life as payment for a task considered to be impossible: ""inception"", the implantation of another person's idea into a target's subconscious.",111.757,2010-07-15,8.4,31917
635302,Demon Slayer -Kimetsu no Yaiba- The Movie: Mugen Train,"Animation,Action,Adventure,Fantasy",ja,"Tanjirō Kamado, joined with Inosuke Hashibira, a boy raised by boars who wears a boar's head, and Zenitsu Agatsuma, a scared boy who reveals his true power when he sleeps, boards the Infinity Train on a new mission with the Fire Hashira, Kyōjurō Rengoku, to defeat a demon who has been tormenting the people and killing the demon slayers who oppose it!",802.132,2020-10-16,8.4,2564
632632,Given,"Animation,Drama,Music,Romance",ja,"The relationship between a band's bassist, their drummer, and the drummer’s roommate and ex-boyfriend, who is a professional violinist.",92.227,2020-08-22,8.4,324
901,City Lights,"Comedy,Drama,Romance",en,"In this sound-era silent film, a tramp falls in love with a beautiful blind flower seller.",13.321,1931-02-01,8.4,1661
12493,High and Low,"Crime,Drama,Mystery,Thriller",ja,An executive of a shoe company becomes a victim of extortion when his chauffeur's son is kidnapped and held for ransom.,10.462,1963-03-01,8.4,601
914,The Great Dictator,"Comedy,War",en,Dictator Adenoid Hynkel tries to expand his empire while a poor Jewish barber tries to avoid persecution from Hynkel's regime.,17.663,1940-10-15,8.4,2659
807,Se7en,"Crime,Mystery,Thriller",en,"Two homicide detectives are on a desperate hunt for a serial killer whose crimes are based on the ""seven deadly sins"" in this dark and haunting film that takes viewers from the tortured remains of one victim to the next. The seasoned Det. Sommerset researches each sin in an effort to get inside the killer's mind, while his novice partner, Mills, scoffs at his efforts to unravel the case.",47.045,1995-09-22,8.4,17351
361743,Top Gun: Maverick,"Action,Drama",en,"After more than thirty years of service as one of the Navy’s top aviators, and dodging the advancement in rank that would ground him, Pete “Maverick” Mitchell finds himself training a detachment of TOP GUN graduates for a specialized mission the likes of which no living pilot has ever seen.",7567.017,2022-05-24,8.4,1690
128,Princess Mononoke,"Adventure,Fantasy,Animation",ja,"Ashitaka, a prince of the disappearing Emishi people, is cursed by a demonized boar god and must journey to the west to find a cure. Along the way, he encounters San, a young human woman fighting to protect the forest, and Lady Eboshi, who is trying to destroy it. Ashitaka must find a way to bring balance to this conflict.",42.985,1997-07-12,8.3,6405
644479,Dedicated to my ex,"Drama,Comedy",es,"The film tells the story of Ariel, a 21-year-old who decides to form a rock band to compete for a prize of ten thousand dollars in a musical band contest, this as a last option when trying to get money to save their relationship and reunite with his ex-girlfriend, which breaks due to the trip she must make to Finland for an internship. Ariel with her friend Ortega, decides to make a casting to find the other members of the band, although they do not know nothing about music, thus forming a band with members that have diverse and opposite personalities.",12.695,2019-11-01,8.3,473
274,The Silence of the Lambs,"Crime,Drama,Thriller",en,"Clarice Starling is a top student at the FBI's training academy. Jack Crawford wants Clarice to interview Dr. Hannibal Lecter, a brilliant psychiatrist who is also a violent psychopath, serving life behind bars for various acts of murder and cannibalism. Crawford believes that Lecter may have insight into a case and that Starling, as an attractive young woman, may be just the bait to draw him out.",11.372,1991-02-01,8.3,13478
25237,Come and See,"Drama,History,War",ru,"The invasion of a village in Byelorussia by German forces sends young Florya into the forest to join the weary Resistance fighters, against his family's wishes. There he meets a girl, Glasha, who accompanies him back to his village. On returning home, Florya finds his family and fellow peasants massacred. His continued survival amidst the brutal debris of war becomes increasingly nightmarish, a battle between despair and hope.",12.869,1985-07-09,8.3,961
630566,Clouds,"Music,Drama,Romance",en,"Young musician Zach Sobiech discovers his cancer has spread, leaving him just a few months to live. With limited time, he follows his dream and makes an album, unaware that it will soon be a viral music phenomenon.",21.826,2020-10-09,8.3,855
207,Dead Poets Society,Drama,en,"At an elite, old-fashioned boarding school in New England, a passionate English teacher inspires his students to rebel against convention and seize the potential of every day, courting the disdain of the stern headmaster.",32.638,1989-06-02,8.3,9250
3082,Modern Times,"Comedy,Drama",en,The Tramp struggles to live in modern industrial society with the help of a young homeless woman.,15.754,1936-02-05,8.3,2993
527641,Five Feet Apart,"Romance,Drama",en,"Seventeen-year-old Stella spends most of her time in the hospital as a cystic fibrosis patient. Her life is full of routines, boundaries and self-control — all of which get put to the test when she meets Will, an impossibly charming teen who has the same illness. There's an instant flirtation, though restrictions dictate that they must maintain a safe distance between them. As their connection intensifies, so does the temptation to throw the rules out the window and embrace that attraction.",98.531,2019-03-14,8.3,4819
101,Léon: The Professional,"Crime,Drama,Action",en,"Léon, the top hit man in New York, has earned a rep as an effective ""cleaner"". But when his next-door neighbors are wiped out by a loose-cannon DEA agent, he becomes the unwilling custodian of 12-year-old Mathilda. Before long, Mathilda's thoughts turn to revenge, and she considers following in Léon's footsteps.",55.424,1994-09-14,8.3,12278
335,Once Upon a Time in the West,"Drama,Western",it,"As the railroad builders advance unstoppably through the Arizona desert on their way to the sea, Jill arrives in the small town of Flagstone with the intention of starting a new life.",21.526,1968-12-21,8.3,3443
556574,Hamilton,"History,Drama",en,"Presenting the tale of American founding father Alexander Hamilton, this filmed version of the original Broadway smash hit is the story of America then, told by America now.",11.644,2020-07-03,8.3,982
975,Paths of Glory,"Drama,War",en,A commanding officer defends three scapegoats on trial for a failed offensive that occurred within the French Army in 1916.,11.774,1957-10-25,8.3,2226
618344,Justice League Dark: Apokolips War,"Animation,Action,Adventure,Fantasy,Science Fiction",en,"Earth is decimated after intergalactic tyrant Darkseid has devastated the Justice League in a poorly executed war by the DC Super Heroes. Now the remaining bastions of good – the Justice League, Teen Titans, Suicide Squad and assorted others – must regroup, strategize and take the war to Darkseid in order to save the planet and its surviving inhabitants.",41.778,2020-05-05,8.3,1189
105,Back to the Future,"Adventure,Comedy,Science Fiction,Family",en,"Eighties teenager Marty McFly is accidentally sent back in time to 1955, inadvertently disrupting his parents' first meeting and attracting his mother's romantic interest. Marty must repair the damage to history by rekindling his parents' romance and - with the help of his eccentric inventor friend Doc Brown - return to 1985.",54.325,1985-07-03,8.3,16765
592350,My Hero Academia: Heroes Rising,"Animation,Action,Fantasy,Adventure",ja,"Class 1-A visits Nabu Island where they finally get to do some real hero work. The place is so peaceful that it's more like a vacation … until they're attacked by a villain with an unfathomable Quirk! His power is eerily familiar, and it looks like Shigaraki had a hand in the plan. But with All Might retired and citizens' lives on the line, there's no time for questions. Deku and his friends are the next generation of heroes, and they're the island's only hope.",224.617,2019-12-20,8.3,942
447362,Life in a Year,"Drama,Romance",en,"A 17 year old finds out that his girlfriend is dying, so he sets out to give her an entire life, in the last year she has left.",114.889,2020-11-27,8.3,1105
575813,Better Days,Drama,zh,"A bullied teenage girl forms an unlikely friendship with a mysterious young man who protects her from her assailants, while she copes with the pressures of her final examinations.",17.871,2019-10-25,8.3,251
16672,Woman in the Dunes,"Drama,Thriller",ja,An entomologist suffers extreme psychological and sexual torture after being taken captive by the residents of a poor seaside village.,8.046,1964-02-15,8.3,292
42269,We All Loved Each Other So Much,"Drama,Comedy",it,"Three partisans bound by a strong friendship return home after the war, but the clash with everyday reality puts a strain on their bond.",6.594,1974-12-21,8.3,424
18148,Tokyo Story,Drama,ja,"The elderly Shukishi and his wife, Tomi, take the long journey from their small seaside village to visit their adult children in Tokyo. Their elder son, Koichi, a doctor, and their daughter, Shige, a hairdresser, don't have much time to spend with their aged parents, and so it falls to Noriko, the widow of their younger son who was killed in the war, to keep her in-laws company.",10.385,1953-11-03,8.3,769
10494,Perfect Blue,"Animation,Thriller",ja,A retired pop singer turned actress' sense of reality is shaken when she is stalked by an obsessed fan and seemingly a ghost of her past.,27.325,1997-07-25,8.3,1736
10376,The Legend of 1900,"Drama,Music,Romance",it,"The story of a virtuoso piano player who lives his entire life aboard an ocean liner. Born and raised on the ship, 1900 (Tim Roth) learned about the outside world through interactions with passengers, never setting foot on land, even for the love of his life. Years later, the ship may be destroyed, and a former band member fears that 1900 may still be aboard, willing to go down with the ship.",12.788,1998-10-28,8.3,1866
28,Apocalypse Now,"Drama,War",en,"At the height of the Vietnam war, Captain Benjamin Willard is sent on a dangerous mission that, officially, ""does not exist, nor will it ever exist."" His goal is to locate - and eliminate - a mysterious Green Beret Colonel named Walter Kurtz, who has been leading his personal army on illegal guerrilla missions into enemy territory.",27.775,1979-08-15,8.3,6618
572154,Rascal Does Not Dream of a Dreaming Girl,"Animation,Comedy,Romance,Drama,Fantasy",ja,"In Fujisawa, Sakuta Azusagawa is in his second year of high school. Blissful days with his girlfriend and upperclassman, Mai Sakurajima, are interrupted by the appearance of his first crush, Shoko Makinohara.",92.432,2019-06-15,8.3,391
299534,Avengers: Endgame,"Adventure,Science Fiction,Action",en,"After the devastating events of Avengers: Infinity War, the universe is in ruins due to the efforts of the Mad Titan, Thanos. With the help of remaining allies, the Avengers must assemble once more in order to undo Thanos' actions and restore order to the universe once and for all, no matter what consequences may be in store.",284.068,2019-04-24,8.3,21448
29259,Le Trou,"Crime,Drama,Thriller,History",fr,"Four prison inmates have been hatching a plan to literally dig out of jail when another prisoner, Claude Gaspard, is moved into their cell. They take a risk and share their plan with the newcomer. Over the course of three days, the prisoners and friends break through the concrete floor using a bed post and begin to make their way through the sewer system -- yet their escape is anything but assured.",9.29,1960-03-18,8.3,334
637920,Miracle in Cell No. 7,"Drama,Comedy",tr,"Separated from his daughter, a father with an intellectual disability must prove his innocence when he is jailed for the death of a commander's child.",49.021,2019-10-10,8.3,3968
265177,Mommy,Drama,fr,"A peculiar neighbor offers hope to a recent widow who is struggling to raise a teenager who is unpredictable and, sometimes, violent.",12.788,2014-09-19,8.3,2327
670,Oldboy,"Drama,Thriller,Mystery,Action",ko,"With no clue how he came to be imprisoned, drugged and tortured for 15 years, a desperate businessman seeks revenge on his captors.",29.817,2003-11-21,8.3,6806
537061,Steven Universe: The Movie,"Animation,Family,Fantasy,TV Movie,Science Fiction,Adventure,Music",en,"Two years after bringing peace to the galaxy, Steven Universe sees his past come back to haunt him in the form of a deranged Gem who wants to destroy the Earth.",58.206,2019-09-02,8.3,677
522924,The Art of Racing in the Rain,"Comedy,Drama,Romance",en,"A family dog - with a near-human soul and a philosopher's mind - evaluates his life through the lessons learned by his human owner, a race-car driver.",19.229,2019-08-08,8.3,1082
791373,Zack Snyder's Justice League,"Action,Adventure,Fantasy,Science Fiction",en,"Determined to ensure Superman's ultimate sacrifice was not in vain, Bruce Wayne aligns forces with Diana Prince with plans to recruit a team of metahumans to protect the world from an approaching threat of catastrophic proportions.",325.801,2021-03-18,8.3,7943
508965,Klaus,"Animation,Family,Adventure,Comedy,Fantasy",en,"When Jesper distinguishes himself as the Postal Academy's worst student, he is sent to Smeerensburg, a small village located on an icy island above the Arctic Circle, where grumpy inhabitants barely exchange words, let alone letters. Jesper is about to give up and abandon his duty as a postman when he meets local teacher Alva and Klaus, a mysterious carpenter who lives alone in a cabin full of handmade toys.",20.474,2019-11-08,8.3,2986
290098,The Handmaiden,"Thriller,Drama,Romance",ko,A Japanese woman hires a handmaiden who is secretly working with a con man to cheat her out of her wealth.,45.016,2016-06-01,8.3,2744
299536,Avengers: Infinity War,"Adventure,Action,Science Fiction",en,"As the Avengers and their allies have continued to protect the world from threats too large for any one hero to handle, a new danger has emerged from the cosmic shadows: Thanos. A despot of intergalactic infamy, his goal is to collect all six Infinity Stones, artifacts of unimaginable power, and use them to inflict his twisted will on all of reality. Everything the Avengers have fought for has led up to this moment - the fate of Earth and existence itself has never been more uncertain.",475.535,2018-04-25,8.3,25020
77338,The Intouchables,"Drama,Comedy",fr,A true story of two men who should never have met – a quadriplegic aristocrat who was injured in a paragliding accident and a young man from the projects.,86.109,2011-11-02,8.3,14800
532067,KonoSuba: God's Blessing on this Wonderful World! Legend of Crimson,"Animation,Adventure,Comedy,Fantasy",ja,"It is not strange that the Demon Lord's forces fear the Crimson Demons, the clan from which Megumin and Yunyun originate. Even if the Demon Lord's generals attack their village, the Crimson Demons can just easily brush them off with their supreme mastery of advanced and overpowered magic.  When Yunyun receives a seemingly serious letter regarding a potential disaster coming to her hometown, she immediately informs Kazuma Satou and the rest of his party. After a series of wacky misunderstandings, it turns out to be a mere prank by her fellow demon who wants to be an author. Even so, Megumin becomes worried about her family and sets out toward the Crimson Demons' village with the gang.  There, Kazuma and the others decide to sightsee the wonders of Megumin's birthplace. However, they soon come to realize that the nonsense threat they received might have been more than just a joke.",132.022,2019-08-30,8.3,402
545611,Everything Everywhere All at Once,"Action,Adventure,Science Fiction",en,"An aging Chinese immigrant is swept up in an insane adventure, where she alone can save what's important to her by connecting with the lives she could have led in other universes.",309.567,2022-03-24,8.3,1059
8587,The Lion King,"Family,Animation,Drama",en,"A young lion prince is cast out of his pride by his cruel uncle, who claims he killed his father. While the uncle rules with an iron paw, the prince grows up beyond the Savannah, living by a philosophy: No worries for the rest of your days. But when his past comes to haunt him, the young prince must decide his fate: Will he remain an outcast or face his demons and become what he needs to be?",204.155,1994-06-23,8.3,15531
1585,It's a Wonderful Life,"Drama,Family,Fantasy",en,"A holiday favourite for generations...  George Bailey has spent his entire life giving to the people of Bedford Falls.  All that prevents rich skinflint Mr. Potter from taking over the entire town is George's modest building and loan company.  But on Christmas Eve the business's $8,000 is lost and George's troubles begin.",32.21,1946-12-20,8.3,3359
797,Persona,Drama,sv,"A young nurse, Alma, is put in charge of Elisabeth Vogler: an actress who is seemingly healthy in all respects, but will not talk. As they spend time together, Alma speaks to Elisabeth constantly, never receiving any answer. The time they spend together only strengthens the crushing realization that one does not exist.",10.578,1966-10-18,8.3,1655
526702,Black Beauty,Drama,en,"Born free in the American West, Black Beauty is a horse rounded up and brought to Birtwick Stables, where she meets spirited teenager Jo Green. The two forge a bond that carries Beauty through the different chapters, challenges and adventures.",12.203,2020-11-27,8.3,268